{"schemaVersion":"1.0","appDefinitionTemplate":{"id":"/providers/Microsoft.PowerApps/apps/","type":"Microsoft.PowerApps/apps","tags":{"primaryDeviceWidth":"1366","primaryDeviceHeight":"768","sienaVersion":"20200402T012733Z-3.20023.6.0","deviceCapabilities":"","supportsPortrait":"false","supportsLandscape":"true","primaryFormFactor":"Tablet","publisherVersion":"3.20023.6","minimumRequiredApiVersion":"2.2.0","hasComponent":"false","hasUnlockedComponent":"false"},"properties":{"appVersion":"2020-04-02T01:27:33Z","lifeCycleId":"Published","createdByClientVersion":{"major":3,"minor":20023,"build":6,"revision":0,"majorRevision":0,"minorRevision":0},"minClientVersion":{"major":3,"minor":20023,"build":6,"revision":0,"majorRevision":0,"minorRevision":0},"backgroundColor":"rgba(0, 176, 240, 1)","backgroundImageUri":"/8772226637553193193/Nd3f26b36-fc7f-4b3a-9dfd-d728a1192cb0-logoSmallFile","displayName":"Dokumenty Zarzadcze","description":"","commitMessage":"","appUris":{"documentUri":{"value":"/8772226637553193193/N887a44e3-96ab-429e-ae00-2e4f76720260-document.msapp","readonlyValue":"/8772226637553193193/N887a44e3-96ab-429e-ae00-2e4f76720260-document.msapp"},"imageUris":[]},"createdTime":"0001-01-01T00:00:00Z","lastModifiedTime":"0001-01-01T00:00:00Z","sharedGroupsCount":0,"sharedUsersCount":0,"icons":{"smallIconUri":"/8772226637553193193/N3274c8d4-b83e-4317-a331-316f09bd7d33-small.png","mediumIconUri":"/8772226637553193193/N10aac61d-0bb8-4de2-80bd-7278864f0c3a-medium.png","largeIconUri":"/8772226637553193193/Ne09bb7ab-2498-44ca-acfe-794730833c82-large.png","wideIconUri":"/8772226637553193193/N0ae1f3c9-7e47-4be4-9566-c8924cd2bb45-wide.png"},"connectionReferences":{"30bdbe0c-e0e8-4766-9cb8-704d9ae9ee1a":{"id":"0f85af5b-d7a3-4311-9072-a08c24b5e758","displayName":"SharePoint","iconUri":"https://connectoricons-prod.azureedge.net/sharepointonline/icon_1.0.1317.1924.png","dataSources":["Documents","Documents_1","Głosowanie za odtajnieniem"],"dependencies":[],"dependents":["397a1bb8-0a7d-4607-8f67-19576882fe69"],"parameterHints":{},"isOnPremiseConnection":false,"bypassConsent":false,"dataSets":{"https://m365b654228.sharepoint.com/sites/Zarzd":{"dataSources":{"Documents":{"tableName":"7aedb730-33d5-4be4-8daf-f799de617296"}}},"https://m365b654228.sharepoint.com/sites/Zarzd-Tajne/":{"dataSources":{"Documents_1":{"tableName":"74d7453b-e07d-42dc-a5e9-5bf919ab3395"}}},"https://m365b654228.sharepoint.com/sites/Zarzd-Tajne":{"dataSources":{"Głosowanie za odtajnieniem":{"tableName":"24eb8750-a00c-41f7-b9c1-e7e007aedbbe"}}}},"apiTier":"Standard","isCustomApiConnection":false},"397a1bb8-0a7d-4607-8f67-19576882fe69":{"id":"e49824c9-7043-4a40-b225-a3b6a79f0b31","displayName":"Logic flows","iconUri":"https://resourcestackdeploy.blob.core.windows.net/scripts/13276078.png","dataSources":["PowerAppsbutton"],"dependencies":["30bdbe0c-e0e8-4766-9cb8-704d9ae9ee1a","123a1188-4fe2-449e-8baa-ffae959f99ed","c3f2ccdb-4bbd-42c9-8d7e-c11ed5c7b26d"],"dependents":[],"parameterHints":{"workflowName":{"value":"be7570b4-b0bc-4d71-acc9-19d129185424"},"30bdbe0c-e0e8-4766-9cb8-704d9ae9ee1a":{"value":"shared_sharepointonline"},"123a1188-4fe2-449e-8baa-ffae959f99ed":{"value":"shared_approvals"},"c3f2ccdb-4bbd-42c9-8d7e-c11ed5c7b26d":{"value":"shared_office365groups"}},"isOnPremiseConnection":false,"bypassConsent":false,"dataSets":{},"apiTier":"Standard","isCustomApiConnection":false},"123a1188-4fe2-449e-8baa-ffae959f99ed":{"id":"2c636203-6ca2-48da-929e-3954629d7fca","displayName":"Approvals","iconUri":"https://connectoricons-prod.azureedge.net/approvals/icon_1.0.1310.1907.png","dataSources":[],"dependencies":[],"dependents":["397a1bb8-0a7d-4607-8f67-19576882fe69"],"parameterHints":{},"isOnPremiseConnection":false,"bypassConsent":false,"dataSets":{},"apiTier":"Standard","isCustomApiConnection":false},"c3f2ccdb-4bbd-42c9-8d7e-c11ed5c7b26d":{"id":"571950bb-ea38-4a63-8b99-b83be5e86389","displayName":"Office 365 Groups","iconUri":"https://connectoricons-prod.azureedge.net/office365groups/icon_1.0.1306.1889.png","dataSources":[],"dependencies":[],"dependents":["397a1bb8-0a7d-4607-8f67-19576882fe69"],"parameterHints":{},"isOnPremiseConnection":false,"bypassConsent":false,"dataSets":{},"apiTier":"Standard","isCustomApiConnection":false}},"databaseReferences":{},"almMode":"Environment","performanceOptimizationEnabled":false,"canConsumeAppPass":true},"isAppComponentLibrary":false,"appType":"ClassicCanvasApp","appComponents":[]}}