{"schemaVersion":"1.0","appDefinitionTemplate":{"id":"/providers/Microsoft.PowerApps/apps/","type":"Microsoft.PowerApps/apps","tags":{"primaryDeviceWidth":"640","primaryDeviceHeight":"1136","sienaVersion":"20200406T162105Z-3.20023.7.0","deviceCapabilities":"location","supportsPortrait":"true","supportsLandscape":"false","primaryFormFactor":"Phone","publisherVersion":"3.20023.7","minimumRequiredApiVersion":"2.2.0","hasComponent":"true","hasUnlockedComponent":"true"},"properties":{"appVersion":"2020-04-06T16:21:05Z","lifeCycleId":"Published","createdByClientVersion":{"major":3,"minor":20023,"build":7,"revision":0,"majorRevision":0,"minorRevision":0},"minClientVersion":{"major":3,"minor":20023,"build":7,"revision":0,"majorRevision":0,"minorRevision":0},"backgroundColor":"rgba(37, 62, 143, 1)","backgroundImageUri":"/15185841899296380163/Ned77a156-7883-41e0-bf09-d05bedc619ad-logoSmallFile","displayName":"TMProof","description":"","commitMessage":"","appUris":{"documentUri":{"value":"/15185841899296380163/N23f6cce1-a897-4f1e-bc43-527541edb71c-document.msapp","readonlyValue":"/15185841899296380163/N23f6cce1-a897-4f1e-bc43-527541edb71c-document.msapp"},"imageUris":[]},"createdTime":"0001-01-01T00:00:00Z","lastModifiedTime":"0001-01-01T00:00:00Z","sharedGroupsCount":0,"sharedUsersCount":0,"icons":{"smallIconUri":"/15185841899296380163/Ncb227813-f5ff-4ca2-837a-38cfc1267f86-small.png","mediumIconUri":"/15185841899296380163/Ndf4be9df-d64b-43ac-b3fa-c3a7bcdc5194-medium.png","largeIconUri":"/15185841899296380163/N546b93fd-d21a-47ef-ab90-911aec432578-large.png","wideIconUri":"/15185841899296380163/Nd84194ae-abff-47ca-8f86-432d195fa225-wide.png"},"connectionReferences":{"88baddde-17d2-4654-9efb-48ee7b8eaf75":{"id":"cd54c9a3-731a-4941-aa5a-df863f8a1512","displayName":"SharePoint","iconUri":"https://connectoricons-prod.azureedge.net/sharepointonline/icon_1.0.1324.1937.png","dataSources":["TMProof","Klienci","Role"],"dependencies":[],"dependents":[],"parameterHints":{},"isOnPremiseConnection":false,"bypassConsent":false,"dataSets":{"https://infowave.sharepoint.com/Dawid":{"dataSources":{"TMProof":{"tableName":"0f7be632-acd0-4bf8-a07b-61fd3a993c72"},"Klienci":{"tableName":"632f1a3a-4369-4f38-9fa5-389adea95901"},"Role":{"tableName":"174f3fe8-2bb5-456e-83ae-d240733b70f3"}}}},"apiTier":"Standard","isCustomApiConnection":false},"84762550-570f-47a9-98df-060df4135753":{"id":"cd54c9a3-731a-4941-aa5a-df863f8a1512","displayName":"SharePoint","iconUri":"https://connectoricons-prod.azureedge.net/sharepointonline/icon_1.0.1324.1937.png","dataSources":["TM-ConfigPanel"],"dependencies":[],"dependents":[],"parameterHints":{},"isOnPremiseConnection":false,"bypassConsent":false,"dataSets":{"https://infowave.sharepoint.com/Dawid":{"dataSources":{"TM-ConfigPanel":{"tableName":"a391cbd3-45f0-4cf9-810b-003f725ed0ce"}}}},"apiTier":"Standard","isCustomApiConnection":false}},"databaseReferences":{},"almMode":"Environment","performanceOptimizationEnabled":false,"canConsumeAppPass":true},"isAppComponentLibrary":false,"appType":"ClassicCanvasApp","appComponents":[]}}