{"schemaVersion":"1.0","appDefinitionTemplate":{"id":"/providers/Microsoft.PowerApps/apps/","type":"Microsoft.PowerApps/apps","tags":{"primaryDeviceWidth":"1366","primaryDeviceHeight":"768","sienaVersion":"20200331T195408Z-3.20023.6.0","deviceCapabilities":"","supportsPortrait":"false","supportsLandscape":"true","primaryFormFactor":"Tablet","publisherVersion":"3.20023.6","minimumRequiredApiVersion":"2.2.0","hasComponent":"false","hasUnlockedComponent":"false"},"properties":{"appVersion":"2020-03-31T19:54:08Z","lifeCycleId":"Published","createdByClientVersion":{"major":3,"minor":20023,"build":6,"revision":0,"majorRevision":0,"minorRevision":0},"minClientVersion":{"major":3,"minor":20023,"build":6,"revision":0,"majorRevision":0,"minorRevision":0},"backgroundColor":"rgba(1, 60, 96, 1)","backgroundImageUri":"/8091002398126271116/Nd88f5dc0-18fc-4502-8a4c-4ca794b2a0de-logoSmallFile","displayName":"Rejestr gości","description":"Aplikacja do obsługi rejestru gości oraz planowanych wizyt. Autorzy: Akademia Aplikacji (https://AkademiaAplikacji.pl)","commitMessage":"","appUris":{"documentUri":{"value":"/8091002398126271116/Nd40c000c-be70-4429-8180-d54613a211d1-document.msapp","readonlyValue":"/8091002398126271116/Nd40c000c-be70-4429-8180-d54613a211d1-document.msapp"},"imageUris":[]},"createdTime":"0001-01-01T00:00:00Z","lastModifiedTime":"0001-01-01T00:00:00Z","sharedGroupsCount":0,"sharedUsersCount":0,"icons":{"smallIconUri":"/8091002398126271116/Nb9e232dd-8fe1-4332-a96d-0e6271f6d24f-small.png","mediumIconUri":"/8091002398126271116/N9a4dd2be-685e-40d7-9de3-13f426c0ed32-medium.png","largeIconUri":"/8091002398126271116/N5d515502-08ab-4a2a-82be-93386a23e8a8-large.png","wideIconUri":"/8091002398126271116/N4f7c1634-95e2-4c43-a4f2-d7fa451a38bb-wide.png"},"connectionReferences":{"ce086b7a-75c5-42f0-b786-f9e9478063db":{"id":"cd54c9a3-731a-4941-aa5a-df863f8a1512","displayName":"SharePoint","iconUri":"https://connectoricons-prod.azureedge.net/sharepointonline/icon_1.0.1317.1924.png","dataSources":["Role","Wizyty"],"dependencies":[],"dependents":[],"parameterHints":{},"isOnPremiseConnection":false,"bypassConsent":false,"dataSets":{"https://infowave.sharepoint.com/sites/AkademiaAplikacji":{"dataSources":{"Role":{"tableName":"f75d28d6-018f-4d5c-8c66-0cf46dd890d0"},"Wizyty":{"tableName":"ae487720-84c3-47db-b5ab-9b0ec24a644a"}}}},"apiTier":"Standard","isCustomApiConnection":false}},"databaseReferences":{},"almMode":"Environment","performanceOptimizationEnabled":false,"canConsumeAppPass":true},"isAppComponentLibrary":false,"appType":"ClassicCanvasApp","appComponents":[]}}