{"name":"65e2b17d-f8e9-46bd-b306-1d5b8091cd65","id":"/providers/Microsoft.Flow/flows/65e2b17d-f8e9-46bd-b306-1d5b8091cd65","type":"Microsoft.Flow/flows","properties":{"apiId":"/providers/Microsoft.PowerApps/apis/shared_logicflows","displayName":"Vote for publishing file","definition":{"metadata":{"workflowEntityId":null,"creator":{"id":"a4b4545c-8353-40cd-a05e-91545e2c7787","type":"User","tenantId":"3384f028-11fa-479f-86ed-893ae1252c42"},"provisioningMethod":"FromDefinition","failureAlertSubscription":true,"clientLastModifiedTime":"2020-04-02T01:22:56.3780513Z"},"$schema":"https://schema.management.azure.com/providers/Microsoft.Logic/schemas/2016-06-01/workflowdefinition.json#","contentVersion":"1.0.0.0","parameters":{"$connections":{"defaultValue":{},"type":"Object"},"$authentication":{"defaultValue":{},"type":"SecureObject"}},"triggers":{"manual":{"type":"Request","kind":"PowerApp","inputs":{"schema":{"type":"object","properties":{"Getfileproperties_Id":{"type":"integer","format":"int64","description":"Unique identifier of item to be retrieved","x-ms-powerflows-param-ispartial":false}},"required":["Getfileproperties_Id"]}}}},"actions":{"Get_file_properties":{"runAfter":{},"metadata":{"flowSystemMetadata":{"swaggerOperationId":"GetFileItem"}},"type":"ApiConnection","inputs":{"host":{"connection":{"name":"@json(decodeBase64(triggerOutputs().headers['X-MS-APIM-Tokens']))['$connections']['shared_sharepointonline']['connectionId']"},"api":{"runtimeUrl":"https://europe-002.azure-apim.net/apim/sharepointonline"}},"method":"get","path":"/datasets/@{encodeURIComponent(encodeURIComponent('https://m365b654228.sharepoint.com/sites/Zarzd-Tajne'))}/tables/@{encodeURIComponent(encodeURIComponent('74d7453b-e07d-42dc-a5e9-5bf919ab3395'))}/items/@{encodeURIComponent(triggerBody()['Getfileproperties_Id'])}/getfileitem","authentication":{"type":"Raw","value":"@json(decodeBase64(triggerOutputs().headers['X-MS-APIM-Tokens']))['$ConnectionKey']"}}},"Apply_to_each":{"foreach":"@body('List_group_members')?['value']","actions":{"Create_item":{"runAfter":{},"metadata":{"flowSystemMetadata":{"swaggerOperationId":"PostItem"}},"type":"ApiConnection","inputs":{"host":{"connection":{"name":"@json(decodeBase64(triggerOutputs().headers['X-MS-APIM-Tokens']))['$connections']['shared_sharepointonline']['connectionId']"},"api":{"runtimeUrl":"https://europe-002.azure-apim.net/apim/sharepointonline"}},"method":"post","body":{"Title":"@variables('GUID')","Linkdopliku":"@body('Get_file_properties')?['{Link}']","Glosujacy":{"Claims":"@items('Apply_to_each')?['userPrincipalName']"},"Decyzja":{"Value":"Oczekuje na decyzje"}},"path":"/datasets/@{encodeURIComponent(encodeURIComponent('https://m365b654228.sharepoint.com/sites/Zarzd-Tajne'))}/tables/@{encodeURIComponent(encodeURIComponent('24eb8750-a00c-41f7-b9c1-e7e007aedbbe'))}/items","authentication":{"type":"Raw","value":"@json(decodeBase64(triggerOutputs().headers['X-MS-APIM-Tokens']))['$ConnectionKey']"}}},"Start_and_wait_for_an_approval":{"runAfter":{"Create_item":["Succeeded"]},"metadata":{"flowSystemMetadata":{"swaggerOperationId":"StartAndWaitForAnApproval"}},"type":"ApiConnectionWebhook","inputs":{"host":{"connection":{"name":"@json(decodeBase64(triggerOutputs().headers['X-MS-APIM-Tokens']))['$connections']['shared_approvals']['connectionId']"},"api":{"runtimeUrl":"https://europe-002.azure-apim.net/apim/approvals"}},"body":{"notificationUrl":"@{listCallbackUrl()}","title":"Wniosek o upublicznienie dokumentu","assignedTo":"@items('Apply_to_each')?['mail']","itemLink":"@body('Get_file_properties')?['{Link}']","itemLinkDescription":"@body('Get_file_properties')?['{FilenameWithExtension}']","enableNotifications":true,"enableReassignment":true},"path":"/types/@{encodeURIComponent('Basic')}/subscriptions","authentication":{"type":"Raw","value":"@json(decodeBase64(triggerOutputs().headers['X-MS-APIM-Tokens']))['$ConnectionKey']"}}},"Apply_to_each_2":{"foreach":"@body('Start_and_wait_for_an_approval')?['responses']","actions":{"Condition":{"actions":{"Update_item":{"runAfter":{},"metadata":{"flowSystemMetadata":{"swaggerOperationId":"PatchItem"}},"type":"ApiConnection","inputs":{"host":{"connection":{"name":"@json(decodeBase64(triggerOutputs().headers['X-MS-APIM-Tokens']))['$connections']['shared_sharepointonline']['connectionId']"},"api":{"runtimeUrl":"https://europe-002.azure-apim.net/apim/sharepointonline"}},"method":"patch","body":{"Title":"@variables('GUID')","Glosujacy":{"Claims":"@items('Apply_to_each')?['userPrincipalName']"},"Decyzja":{"Value":"Zgoda"},"Komentarz":"@items('Apply_to_each_2')?['comments']"},"path":"/datasets/@{encodeURIComponent(encodeURIComponent('https://m365b654228.sharepoint.com/sites/Zarzd-Tajne'))}/tables/@{encodeURIComponent(encodeURIComponent('24eb8750-a00c-41f7-b9c1-e7e007aedbbe'))}/items/@{encodeURIComponent(body('Create_item')?['ID'])}","authentication":{"type":"Raw","value":"@json(decodeBase64(triggerOutputs().headers['X-MS-APIM-Tokens']))['$ConnectionKey']"}}},"Increment_variable":{"runAfter":{"Update_item":["Succeeded"]},"type":"IncrementVariable","inputs":{"name":"Number of approvals","value":1}}},"runAfter":{},"else":{"actions":{"Update_item_2":{"runAfter":{},"metadata":{"flowSystemMetadata":{"swaggerOperationId":"PatchItem"}},"type":"ApiConnection","inputs":{"host":{"connection":{"name":"@json(decodeBase64(triggerOutputs().headers['X-MS-APIM-Tokens']))['$connections']['shared_sharepointonline']['connectionId']"},"api":{"runtimeUrl":"https://europe-002.azure-apim.net/apim/sharepointonline"}},"method":"patch","body":{"Title":"@variables('GUID')","Glosujacy":{"Claims":"@items('Apply_to_each')?['userPrincipalName']"},"Decyzja":{"Value":"Sprzeciw"},"Komentarz":"@items('Apply_to_each_2')?['comments']"},"path":"/datasets/@{encodeURIComponent(encodeURIComponent('https://m365b654228.sharepoint.com/sites/Zarzd-Tajne'))}/tables/@{encodeURIComponent(encodeURIComponent('24eb8750-a00c-41f7-b9c1-e7e007aedbbe'))}/items/@{encodeURIComponent(body('Create_item')?['ID'])}","authentication":{"type":"Raw","value":"@json(decodeBase64(triggerOutputs().headers['X-MS-APIM-Tokens']))['$ConnectionKey']"}}}}},"expression":{"equals":["@items('Apply_to_each_2')?['approverResponse']","Approve"]},"type":"If"}},"runAfter":{"Start_and_wait_for_an_approval":["Succeeded"]},"type":"Foreach"}},"runAfter":{"Initialize_variable_3":["Succeeded"]},"type":"Foreach","runtimeConfiguration":{"concurrency":{"repetitions":20}}},"List_group_members":{"runAfter":{"Initialize_variable":["Succeeded"]},"metadata":{"flowSystemMetadata":{"swaggerOperationId":"ListGroupMembers"}},"type":"ApiConnection","inputs":{"host":{"connection":{"name":"@json(decodeBase64(triggerOutputs().headers['X-MS-APIM-Tokens']))['$connections']['shared_office365groups']['connectionId']"},"api":{"runtimeUrl":"https://europe-002.azure-apim.net/apim/office365groups"}},"method":"get","path":"/v1.0/groups/@{encodeURIComponent('221b0990-d820-41f5-940c-82b25de130c4')}/members","authentication":{"type":"Raw","value":"@json(decodeBase64(triggerOutputs().headers['X-MS-APIM-Tokens']))['$ConnectionKey']"}}},"Update_file_properties":{"runAfter":{"Get_file_properties":["Succeeded"]},"metadata":{"flowSystemMetadata":{"swaggerOperationId":"PatchFileItem"}},"type":"ApiConnection","inputs":{"host":{"connection":{"name":"@json(decodeBase64(triggerOutputs().headers['X-MS-APIM-Tokens']))['$connections']['shared_sharepointonline']['connectionId']"},"api":{"runtimeUrl":"https://europe-002.azure-apim.net/apim/sharepointonline"}},"method":"patch","body":{"G_x0142_osowaniewtoku":true},"path":"/datasets/@{encodeURIComponent(encodeURIComponent('https://m365b654228.sharepoint.com/sites/Zarzd-Tajne'))}/tables/@{encodeURIComponent(encodeURIComponent('74d7453b-e07d-42dc-a5e9-5bf919ab3395'))}/items/@{encodeURIComponent(triggerBody()['Getfileproperties_Id'])}/patchfileitem","authentication":{"type":"Raw","value":"@json(decodeBase64(triggerOutputs().headers['X-MS-APIM-Tokens']))['$ConnectionKey']"}}},"Initialize_variable":{"runAfter":{"Update_file_properties":["Succeeded"]},"type":"InitializeVariable","inputs":{"variables":[{"name":"GUID","type":"string","value":"@{guid()}"}]}},"Initialize_variable_2":{"runAfter":{"List_group_members":["Succeeded"]},"type":"InitializeVariable","inputs":{"variables":[{"name":"Number of members","type":"integer","value":"@length(body('List_group_members')?['value'])"}]}},"Initialize_variable_3":{"runAfter":{"Initialize_variable_2":["Succeeded"]},"type":"InitializeVariable","inputs":{"variables":[{"name":"Number of approvals","type":"integer","value":0}]}},"Condition_2":{"actions":{"Move_file":{"runAfter":{},"metadata":{"flowSystemMetadata":{"swaggerOperationId":"MoveFileAsync"}},"type":"ApiConnection","inputs":{"host":{"connection":{"name":"@json(decodeBase64(triggerOutputs().headers['X-MS-APIM-Tokens']))['$connections']['shared_sharepointonline']['connectionId']"},"api":{"runtimeUrl":"https://europe-002.azure-apim.net/apim/sharepointonline"}},"method":"post","body":{"sourceFileId":"@body('Get_file_properties')?['{Identifier}']","destinationDataset":"https://m365b654228.sharepoint.com/sites/Zarzd","destinationFolderPath":"/Shared Documents/General","nameConflictBehavior":2},"path":"/datasets/@{encodeURIComponent(encodeURIComponent('https://m365b654228.sharepoint.com/sites/Zarzd-Tajne'))}/moveFileAsync","authentication":{"type":"Raw","value":"@json(decodeBase64(triggerOutputs().headers['X-MS-APIM-Tokens']))['$ConnectionKey']"}}}},"runAfter":{"Apply_to_each":["Succeeded"]},"else":{"actions":{"Update_file_properties_2":{"runAfter":{},"metadata":{"flowSystemMetadata":{"swaggerOperationId":"PatchFileItem"}},"type":"ApiConnection","inputs":{"host":{"connection":{"name":"@json(decodeBase64(triggerOutputs().headers['X-MS-APIM-Tokens']))['$connections']['shared_sharepointonline']['connectionId']"},"api":{"runtimeUrl":"https://europe-002.azure-apim.net/apim/sharepointonline"}},"method":"patch","body":{"G_x0142_osowaniewtoku":false},"path":"/datasets/@{encodeURIComponent(encodeURIComponent('https://m365b654228.sharepoint.com/sites/Zarzd-Tajne'))}/tables/@{encodeURIComponent(encodeURIComponent('74d7453b-e07d-42dc-a5e9-5bf919ab3395'))}/items/@{encodeURIComponent(triggerBody()['Getfileproperties_Id'])}/patchfileitem","authentication":{"type":"Raw","value":"@json(decodeBase64(triggerOutputs().headers['X-MS-APIM-Tokens']))['$ConnectionKey']"}},"operationOptions":"DisableAsyncPattern"}}},"expression":{"equals":["@variables('Number of approvals')","@variables('Number of members')"]},"type":"If"}},"outputs":{},"description":"Create one or more actions to happen when a button or link in PowerApps is selected. To use this flow from a PowerApp, select the control you want to trigger the flow and go to the Action tab in the PowerApps ribbon and select Flows."},"connectionReferences":{"shared_sharepointonline":{"connectionName":"a37b65a4300440db873ac4b7c5f120bb","source":"Invoker","id":"/providers/Microsoft.PowerApps/apis/shared_sharepointonline","tier":"NotSpecified"},"shared_approvals":{"connectionName":"shared-approvals-f39ff46d-8ff7-46d5-bc28-6e6d930ad6c1","source":"Invoker","id":"/providers/Microsoft.PowerApps/apis/shared_approvals","tier":"NotSpecified"},"shared_office365groups":{"connectionName":"shared-office365grou-1158ac68-d815-43d8-aa6e-47ae36c53df0","source":"Invoker","id":"/providers/Microsoft.PowerApps/apis/shared_office365groups","tier":"NotSpecified"}},"flowFailureAlertSubscribed":false}}